ACT/firstcut/Y6N_PRESKY_S/20170102-r4083/D00606004/p01/binned-fp,D00606004_u_r4083p01_bleedmask-binned-fp.fits,606004
ACT/firstcut/Y6N_PRESKY_S/20170104-r4083/D00606674/p01/binned-fp,D00606674_u_r4083p01_bleedmask-binned-fp.fits,606674
ACT/firstcut/Y6N_PRESKY_S/20170104-r4083/D00606675/p01/binned-fp,D00606675_u_r4083p01_bleedmask-binned-fp.fits,606675
ACT/firstcut/Y6N_PRESKY_S/20170104-r4083/D00606676/p01/binned-fp,D00606676_u_r4083p01_bleedmask-binned-fp.fits,606676
ACT/firstcut/Y6N_PRESKY_S/20170104-r4083/D00606677/p01/binned-fp,D00606677_u_r4083p01_bleedmask-binned-fp.fits,606677
ACT/firstcut/Y6N_PRESKY_S/20170104-r4083/D00606678/p01/binned-fp,D00606678_u_r4083p01_bleedmask-binned-fp.fits,606678
ACT/firstcut/Y6N_PRESKY_S/20170104-r4083/D00606679/p01/binned-fp,D00606679_u_r4083p01_bleedmask-binned-fp.fits,606679
ACT/firstcut/Y6N_PRESKY_S/20170104-r4083/D00606680/p01/binned-fp,D00606680_u_r4083p01_bleedmask-binned-fp.fits,606680
ACT/firstcut/Y6N_PRESKY_S/20170104-r4083/D00606681/p01/binned-fp,D00606681_u_r4083p01_bleedmask-binned-fp.fits,606681
ACT/firstcut/Y6N_PRESKY_S/20170104-r4083/D00606682/p01/binned-fp,D00606682_u_r4083p01_bleedmask-binned-fp.fits,606682
ACT/firstcut/Y6N_PRESKY_S/20170104-r4083/D00606683/p01/binned-fp,D00606683_u_r4083p01_bleedmask-binned-fp.fits,606683
ACT/firstcut/Y6N_PRESKY_S/20170104-r4083/D00606684/p01/binned-fp,D00606684_u_r4083p01_bleedmask-binned-fp.fits,606684
ACT/firstcut/Y6N_PRESKY_S/20170104-r4083/D00606685/p01/binned-fp,D00606685_u_r4083p01_bleedmask-binned-fp.fits,606685
ACT/firstcut/Y6N_PRESKY_S/20170104-r4083/D00606686/p01/binned-fp,D00606686_u_r4083p01_bleedmask-binned-fp.fits,606686
ACT/firstcut/Y6N_PRESKY_S/20170104-r4083/D00606687/p01/binned-fp,D00606687_u_r4083p01_bleedmask-binned-fp.fits,606687
ACT/firstcut/Y6N_PRESKY_S/20170104-r4083/D00606688/p01/binned-fp,D00606688_u_r4083p01_bleedmask-binned-fp.fits,606688
ACT/firstcut/Y6N_PRESKY_S/20170104-r4083/D00606689/p01/binned-fp,D00606689_u_r4083p01_bleedmask-binned-fp.fits,606689
ACT/firstcut/Y6N_PRESKY_S/20170104-r4083/D00606690/p01/binned-fp,D00606690_u_r4083p01_bleedmask-binned-fp.fits,606690
ACT/firstcut/Y6N_PRESKY_S/20170104-r4083/D00606691/p01/binned-fp,D00606691_u_r4083p01_bleedmask-binned-fp.fits,606691
ACT/firstcut/Y6N_PRESKY_S/20170104-r4083/D00606692/p01/binned-fp,D00606692_u_r4083p01_bleedmask-binned-fp.fits,606692
ACT/firstcut/Y6N_PRESKY_S/20170104-r4083/D00606693/p01/binned-fp,D00606693_u_r4083p01_bleedmask-binned-fp.fits,606693
ACT/firstcut/Y6N_PRESKY_S/20170104-r4083/D00606694/p01/binned-fp,D00606694_u_r4083p01_bleedmask-binned-fp.fits,606694
ACT/firstcut/Y6N_PRESKY_S/20170104-r4083/D00606695/p01/binned-fp,D00606695_u_r4083p01_bleedmask-binned-fp.fits,606695
ACT/firstcut/Y6N_PRESKY_S/20170104-r4083/D00606696/p01/binned-fp,D00606696_u_r4083p01_bleedmask-binned-fp.fits,606696
ACT/firstcut/Y6N_PRESKY_S/20170104-r4083/D00606697/p01/binned-fp,D00606697_u_r4083p01_bleedmask-binned-fp.fits,606697
ACT/firstcut/Y6N_PRESKY_S/20170104-r4083/D00606698/p01/binned-fp,D00606698_u_r4083p01_bleedmask-binned-fp.fits,606698
ACT/firstcut/Y6N_PRESKY_S/20170104-r4083/D00606699/p01/binned-fp,D00606699_u_r4083p01_bleedmask-binned-fp.fits,606699
ACT/firstcut/Y6N_PRESKY_S/20170104-r4083/D00606700/p01/binned-fp,D00606700_u_r4083p01_bleedmask-binned-fp.fits,606700
ACT/firstcut/Y6N_PRESKY_S/20170104-r4083/D00606701/p01/binned-fp,D00606701_u_r4083p01_bleedmask-binned-fp.fits,606701
ACT/firstcut/Y6N_PRESKY_S/20170106-r4083/D00607316/p01/binned-fp,D00607316_u_r4083p01_bleedmask-binned-fp.fits,607316
ACT/firstcut/Y6N_PRESKY_S/20170106-r4083/D00607317/p01/binned-fp,D00607317_u_r4083p01_bleedmask-binned-fp.fits,607317
ACT/firstcut/Y6N_PRESKY_S/20170106-r4083/D00607318/p01/binned-fp,D00607318_u_r4083p01_bleedmask-binned-fp.fits,607318
ACT/firstcut/Y6N_PRESKY_S/20170106-r4083/D00607319/p01/binned-fp,D00607319_u_r4083p01_bleedmask-binned-fp.fits,607319
ACT/firstcut/Y6N_PRESKY_S/20170106-r4083/D00607320/p01/binned-fp,D00607320_u_r4083p01_bleedmask-binned-fp.fits,607320
ACT/firstcut/Y6N_PRESKY_S/20170106-r4083/D00607379/p01/binned-fp,D00607379_u_r4083p01_bleedmask-binned-fp.fits,607379
ACT/firstcut/Y6N_PRESKY_S/20170111-r4083/D00608765/p01/binned-fp,D00608765_u_r4083p01_bleedmask-binned-fp.fits,608765
ACT/firstcut/Y6N_PRESKY_S/20170111-r4083/D00608769/p01/binned-fp,D00608769_u_r4083p01_bleedmask-binned-fp.fits,608769
ACT/firstcut/Y6N_PRESKY_S/20170111-r4083/D00608796/p01/binned-fp,D00608796_u_r4083p01_bleedmask-binned-fp.fits,608796
ACT/firstcut/Y6N_PRESKY_S/20170111-r4083/D00608800/p01/binned-fp,D00608800_u_r4083p01_bleedmask-binned-fp.fits,608800
ACT/firstcut/Y6N_PRESKY_S/20170111-r4083/D00608827/p01/binned-fp,D00608827_u_r4083p01_bleedmask-binned-fp.fits,608827
ACT/firstcut/Y6N_PRESKY_S/20170111-r4083/D00608831/p01/binned-fp,D00608831_u_r4083p01_bleedmask-binned-fp.fits,608831
ACT/firstcut/Y6N_PRESKY_S/20170111-r4083/D00608858/p01/binned-fp,D00608858_u_r4083p01_bleedmask-binned-fp.fits,608858
ACT/firstcut/Y6N_PRESKY_S/20170111-r4083/D00608862/p01/binned-fp,D00608862_u_r4083p01_bleedmask-binned-fp.fits,608862
ACT/firstcut/Y6N_PRESKY_S/20170111-r4083/D00608889/p01/binned-fp,D00608889_u_r4083p01_bleedmask-binned-fp.fits,608889
ACT/firstcut/Y6N_PRESKY_S/20170111-r4083/D00608893/p01/binned-fp,D00608893_u_r4083p01_bleedmask-binned-fp.fits,608893
ACT/firstcut/Y6N_PRESKY_S/20170111-r4083/D00608920/p01/binned-fp,D00608920_u_r4083p01_bleedmask-binned-fp.fits,608920
ACT/firstcut/Y6N_PRESKY_S/20170111-r4083/D00608924/p01/binned-fp,D00608924_u_r4083p01_bleedmask-binned-fp.fits,608924
ACT/firstcut/Y6N_PRESKY_S/20170111-r4083/D00608951/p01/binned-fp,D00608951_u_r4083p01_bleedmask-binned-fp.fits,608951
ACT/firstcut/Y6N_PRESKY_S/20170111-r4083/D00608955/p01/binned-fp,D00608955_u_r4083p01_bleedmask-binned-fp.fits,608955
ACT/firstcut/Y6N_PRESKY_S/20170111-r4083/D00608957/p01/binned-fp,D00608957_u_r4083p01_bleedmask-binned-fp.fits,608957
ACT/firstcut/Y6N_PRESKY_S/20170111-r4083/D00608958/p01/binned-fp,D00608958_u_r4083p01_bleedmask-binned-fp.fits,608958
ACT/firstcut/Y6N_PRESKY_S/20170111-r4083/D00608959/p01/binned-fp,D00608959_u_r4083p01_bleedmask-binned-fp.fits,608959
ACT/firstcut/Y6N_PRESKY_S/20170111-r4083/D00608960/p01/binned-fp,D00608960_u_r4083p01_bleedmask-binned-fp.fits,608960
ACT/firstcut/Y6N_PRESKY_S/20170111-r4083/D00608961/p01/binned-fp,D00608961_u_r4083p01_bleedmask-binned-fp.fits,608961
ACT/firstcut/Y6N_PRESKY_S/20170111-r4083/D00608962/p01/binned-fp,D00608962_u_r4083p01_bleedmask-binned-fp.fits,608962
ACT/firstcut/Y6N_PRESKY_S/20170111-r4083/D00608963/p01/binned-fp,D00608963_u_r4083p01_bleedmask-binned-fp.fits,608963
ACT/firstcut/Y6N_PRESKY_S/20170111-r4083/D00608964/p01/binned-fp,D00608964_u_r4083p01_bleedmask-binned-fp.fits,608964
ACT/firstcut/Y6N_PRESKY_S/20170111-r4083/D00608965/p01/binned-fp,D00608965_u_r4083p01_bleedmask-binned-fp.fits,608965
ACT/firstcut/Y6N_PRESKY_S/20170111-r4083/D00608966/p01/binned-fp,D00608966_u_r4083p01_bleedmask-binned-fp.fits,608966
ACT/firstcut/Y6N_PRESKY_S/20170111-r4083/D00608967/p01/binned-fp,D00608967_u_r4083p01_bleedmask-binned-fp.fits,608967
ACT/firstcut/Y6N_PRESKY_S/20170111-r4083/D00608968/p01/binned-fp,D00608968_u_r4083p01_bleedmask-binned-fp.fits,608968
ACT/firstcut/Y6N_PRESKY_S/20170111-r4083/D00608969/p01/binned-fp,D00608969_u_r4083p01_bleedmask-binned-fp.fits,608969
ACT/firstcut/Y6N_PRESKY_S/20170111-r4083/D00608970/p01/binned-fp,D00608970_u_r4083p01_bleedmask-binned-fp.fits,608970
ACT/firstcut/Y6N_PRESKY_S/20170111-r4083/D00608971/p01/binned-fp,D00608971_u_r4083p01_bleedmask-binned-fp.fits,608971
ACT/firstcut/Y6N_PRESKY_S/20170111-r4083/D00608972/p01/binned-fp,D00608972_u_r4083p01_bleedmask-binned-fp.fits,608972
ACT/firstcut/Y6N_PRESKY_S/20170111-r4083/D00608973/p01/binned-fp,D00608973_u_r4083p01_bleedmask-binned-fp.fits,608973
ACT/firstcut/Y6N_PRESKY_S/20170111-r4083/D00608974/p01/binned-fp,D00608974_u_r4083p01_bleedmask-binned-fp.fits,608974
ACT/firstcut/Y6N_PRESKY_S/20170111-r4083/D00608975/p01/binned-fp,D00608975_u_r4083p01_bleedmask-binned-fp.fits,608975
ACT/firstcut/Y6N_PRESKY_S/20170111-r4083/D00608976/p01/binned-fp,D00608976_u_r4083p01_bleedmask-binned-fp.fits,608976
ACT/firstcut/Y6N_PRESKY_S/20170111-r4083/D00608977/p01/binned-fp,D00608977_u_r4083p01_bleedmask-binned-fp.fits,608977
ACT/firstcut/Y6N_PRESKY_S/20170111-r4083/D00608978/p01/binned-fp,D00608978_u_r4083p01_bleedmask-binned-fp.fits,608978
ACT/firstcut/Y6N_PRESKY_S/20170111-r4083/D00608982/p01/binned-fp,D00608982_u_r4083p01_bleedmask-binned-fp.fits,608982
ACT/firstcut/Y6N_PRESKY_S/20170111-r4083/D00608986/p01/binned-fp,D00608986_u_r4083p01_bleedmask-binned-fp.fits,608986
ACT/firstcut/Y6N_PRESKY_S/20170111-r4083/D00609013/p01/binned-fp,D00609013_u_r4083p01_bleedmask-binned-fp.fits,609013
ACT/firstcut/Y6N_PRESKY_S/20170111-r4083/D00609017/p01/binned-fp,D00609017_u_r4083p01_bleedmask-binned-fp.fits,609017
ACT/firstcut/Y6N_PRESKY_S/20170111-r4083/D00609036/p01/binned-fp,D00609036_u_r4083p01_bleedmask-binned-fp.fits,609036
ACT/firstcut/Y6N_PRESKY_S/20170111-r4083/D00609040/p01/binned-fp,D00609040_u_r4083p01_bleedmask-binned-fp.fits,609040
ACT/firstcut/Y6N_PRESKY_S/20170111-r4083/D00609052/p01/binned-fp,D00609052_u_r4083p01_bleedmask-binned-fp.fits,609052
ACT/firstcut/Y6N_PRESKY_S/20170111-r4083/D00609053/p01/binned-fp,D00609053_u_r4083p01_bleedmask-binned-fp.fits,609053
ACT/firstcut/Y6N_PRESKY_S/20170111-r4083/D00609054/p01/binned-fp,D00609054_u_r4083p01_bleedmask-binned-fp.fits,609054
ACT/firstcut/Y6N_PRESKY_S/20170111-r4083/D00609055/p01/binned-fp,D00609055_u_r4083p01_bleedmask-binned-fp.fits,609055
ACT/firstcut/Y6N_PRESKY_S/20170111-r4083/D00609056/p01/binned-fp,D00609056_u_r4083p01_bleedmask-binned-fp.fits,609056
ACT/firstcut/Y6N_PRESKY_S/20170111-r4083/D00609057/p01/binned-fp,D00609057_u_r4083p01_bleedmask-binned-fp.fits,609057
ACT/firstcut/Y6N_PRESKY_S/20170111-r4083/D00609058/p01/binned-fp,D00609058_u_r4083p01_bleedmask-binned-fp.fits,609058
ACT/firstcut/Y6N_PRESKY_S/20170111-r4083/D00609059/p01/binned-fp,D00609059_u_r4083p01_bleedmask-binned-fp.fits,609059
ACT/firstcut/Y6N_PRESKY_S/20170111-r4083/D00609060/p01/binned-fp,D00609060_u_r4083p01_bleedmask-binned-fp.fits,609060
ACT/firstcut/Y6N_PRESKY_S/20170111-r4083/D00609061/p01/binned-fp,D00609061_u_r4083p01_bleedmask-binned-fp.fits,609061
ACT/firstcut/Y6N_PRESKY_S/20170111-r4083/D00609062/p01/binned-fp,D00609062_u_r4083p01_bleedmask-binned-fp.fits,609062
ACT/firstcut/Y6N_PRESKY_S/20170111-r4083/D00609063/p01/binned-fp,D00609063_u_r4083p01_bleedmask-binned-fp.fits,609063
ACT/firstcut/Y6N_PRESKY_S/20170111-r4083/D00609064/p01/binned-fp,D00609064_u_r4083p01_bleedmask-binned-fp.fits,609064
ACT/firstcut/Y6N_PRESKY_S/20170111-r4083/D00609065/p01/binned-fp,D00609065_u_r4083p01_bleedmask-binned-fp.fits,609065
ACT/firstcut/Y6N_PRESKY_S/20170111-r4083/D00609066/p01/binned-fp,D00609066_u_r4083p01_bleedmask-binned-fp.fits,609066
ACT/firstcut/Y6N_PRESKY_S/20170111-r4083/D00609067/p01/binned-fp,D00609067_u_r4083p01_bleedmask-binned-fp.fits,609067
ACT/firstcut/Y6N_PRESKY_S/20170111-r4083/D00609068/p01/binned-fp,D00609068_u_r4083p01_bleedmask-binned-fp.fits,609068
ACT/firstcut/Y6N_PRESKY_S/20170111-r4083/D00609069/p01/binned-fp,D00609069_u_r4083p01_bleedmask-binned-fp.fits,609069
ACT/firstcut/Y6N_PRESKY_S/20170111-r4083/D00609070/p01/binned-fp,D00609070_u_r4083p01_bleedmask-binned-fp.fits,609070
ACT/firstcut/Y6N_PRESKY_S/20170111-r4083/D00609071/p01/binned-fp,D00609071_u_r4083p01_bleedmask-binned-fp.fits,609071
ACT/firstcut/Y6N_PRESKY_S/20170111-r4083/D00609072/p01/binned-fp,D00609072_u_r4083p01_bleedmask-binned-fp.fits,609072
ACT/firstcut/Y6N_PRESKY_S/20170111-r4083/D00609073/p01/binned-fp,D00609073_u_r4083p01_bleedmask-binned-fp.fits,609073
ACT/firstcut/Y6N_PRESKY_S/20170111-r4083/D00609077/p01/binned-fp,D00609077_u_r4083p01_bleedmask-binned-fp.fits,609077
ACT/firstcut/Y6N_PRESKY_S/20170111-r4083/D00609081/p01/binned-fp,D00609081_u_r4083p01_bleedmask-binned-fp.fits,609081
ACT/firstcut/Y6N_PRESKY_S/20170128-r4083/D00614212/p01/binned-fp,D00614212_u_r4083p01_bleedmask-binned-fp.fits,614212
ACT/firstcut/Y6N_PRESKY_S/20170128-r4083/D00614214/p01/binned-fp,D00614214_u_r4083p01_bleedmask-binned-fp.fits,614214
ACT/firstcut/Y6N_PRESKY_S/20170128-r4083/D00614230/p01/binned-fp,D00614230_u_r4083p01_bleedmask-binned-fp.fits,614230
ACT/firstcut/Y6N_PRESKY_S/20170128-r4083/D00614239/p01/binned-fp,D00614239_u_r4083p01_bleedmask-binned-fp.fits,614239
ACT/firstcut/Y6N_PRESKY_S/20170129-r4083/D00614520/p01/binned-fp,D00614520_u_r4083p01_bleedmask-binned-fp.fits,614520
ACT/firstcut/Y6N_PRESKY_S/20170129-r4083/D00614521/p01/binned-fp,D00614521_u_r4083p01_bleedmask-binned-fp.fits,614521
ACT/firstcut/Y6N_PRESKY_S/20170129-r4083/D00614522/p01/binned-fp,D00614522_u_r4083p01_bleedmask-binned-fp.fits,614522
ACT/firstcut/Y6N_PRESKY_S/20170129-r4083/D00614523/p01/binned-fp,D00614523_u_r4083p01_bleedmask-binned-fp.fits,614523
ACT/firstcut/Y6N_PRESKY_S/20170129-r4083/D00614548/p01/binned-fp,D00614548_u_r4083p01_bleedmask-binned-fp.fits,614548
ACT/firstcut/Y6N_PRESKY_S/20170129-r4083/D00614560/p01/binned-fp,D00614560_u_r4083p01_bleedmask-binned-fp.fits,614560
ACT/firstcut/Y6N_PRESKY_S/20170129-r4083/D00614564/p01/binned-fp,D00614564_u_r4083p01_bleedmask-binned-fp.fits,614564
ACT/firstcut/Y6N_PRESKY_S/20170212-r4083/D00619886/p01/binned-fp,D00619886_u_r4083p01_bleedmask-binned-fp.fits,619886
ACT/firstcut/Y6N_PRESKY_S/20170212-r4083/D00619890/p01/binned-fp,D00619890_u_r4083p01_bleedmask-binned-fp.fits,619890
ACT/firstcut/Y6N_PRESKY_S/20170212-r4083/D00619894/p01/binned-fp,D00619894_u_r4083p01_bleedmask-binned-fp.fits,619894
ACT/firstcut/Y6N_PRESKY_S/20170212-r4083/D00619898/p01/binned-fp,D00619898_u_r4083p01_bleedmask-binned-fp.fits,619898
ACT/firstcut/Y6N_PRESKY_S/20170212-r4083/D00619911/p01/binned-fp,D00619911_u_r4083p01_bleedmask-binned-fp.fits,619911
ACT/firstcut/Y6N_PRESKY_S/20170212-r4083/D00619915/p01/binned-fp,D00619915_u_r4083p01_bleedmask-binned-fp.fits,619915
ACT/firstcut/Y6N_PRESKY_S/20170212-r4083/D00619919/p01/binned-fp,D00619919_u_r4083p01_bleedmask-binned-fp.fits,619919
ACT/firstcut/Y6N_PRESKY_S/20170212-r4083/D00619923/p01/binned-fp,D00619923_u_r4083p01_bleedmask-binned-fp.fits,619923
ACT/firstcut/Y6N_PRESKY_S/20170212-r4083/D00619933/p01/binned-fp,D00619933_u_r4083p01_bleedmask-binned-fp.fits,619933
ACT/firstcut/Y6N_PRESKY_S/20170212-r4083/D00619937/p01/binned-fp,D00619937_u_r4083p01_bleedmask-binned-fp.fits,619937
ACT/firstcut/Y6N_PRESKY_S/20170212-r4083/D00619941/p01/binned-fp,D00619941_u_r4083p01_bleedmask-binned-fp.fits,619941
ACT/firstcut/Y6N_PRESKY_S/20170212-r4083/D00619945/p01/binned-fp,D00619945_u_r4083p01_bleedmask-binned-fp.fits,619945
ACT/firstcut/Y6N_PRESKY_S/20170212-r4083/D00619952/p01/binned-fp,D00619952_u_r4083p01_bleedmask-binned-fp.fits,619952
ACT/firstcut/Y6N_PRESKY_S/20170212-r4083/D00619956/p01/binned-fp,D00619956_u_r4083p01_bleedmask-binned-fp.fits,619956
ACT/firstcut/Y6N_PRESKY_S/20170212-r4083/D00619960/p01/binned-fp,D00619960_u_r4083p01_bleedmask-binned-fp.fits,619960
ACT/firstcut/Y6N_PRESKY_S/20170212-r4083/D00619964/p01/binned-fp,D00619964_u_r4083p01_bleedmask-binned-fp.fits,619964
ACT/firstcut/Y6N_PRESKY_S/20170212-r4083/D00619971/p01/binned-fp,D00619971_u_r4083p01_bleedmask-binned-fp.fits,619971
ACT/firstcut/Y6N_PRESKY_S/20170212-r4083/D00619975/p01/binned-fp,D00619975_u_r4083p01_bleedmask-binned-fp.fits,619975
ACT/firstcut/Y6N_PRESKY_S/20170212-r4083/D00619979/p01/binned-fp,D00619979_u_r4083p01_bleedmask-binned-fp.fits,619979
ACT/firstcut/Y6N_PRESKY_S/20170212-r4083/D00619983/p01/binned-fp,D00619983_u_r4083p01_bleedmask-binned-fp.fits,619983
ACT/firstcut/Y6N_PRESKY_S/20170212-r4083/D00619989/p01/binned-fp,D00619989_u_r4083p01_bleedmask-binned-fp.fits,619989
ACT/firstcut/Y6N_PRESKY_S/20170212-r4083/D00619993/p01/binned-fp,D00619993_u_r4083p01_bleedmask-binned-fp.fits,619993
ACT/firstcut/Y6N_PRESKY_S/20170212-r4083/D00619997/p01/binned-fp,D00619997_u_r4083p01_bleedmask-binned-fp.fits,619997
ACT/firstcut/Y6N_PRESKY_S/20170212-r4083/D00620001/p01/binned-fp,D00620001_u_r4083p01_bleedmask-binned-fp.fits,620001
ACT/firstcut/Y6N_PRESKY_S/20170212-r4083/D00620005/p01/binned-fp,D00620005_u_r4083p01_bleedmask-binned-fp.fits,620005
ACT/firstcut/Y6N_PRESKY_S/20170212-r4083/D00620009/p01/binned-fp,D00620009_u_r4083p01_bleedmask-binned-fp.fits,620009
ACT/firstcut/Y6N_PRESKY_S/20170212-r4083/D00620013/p01/binned-fp,D00620013_u_r4083p01_bleedmask-binned-fp.fits,620013
ACT/firstcut/Y6N_PRESKY_S/20170212-r4083/D00620017/p01/binned-fp,D00620017_u_r4083p01_bleedmask-binned-fp.fits,620017
ACT/firstcut/Y6N_PRESKY_S/20170212-r4083/D00620023/p01/binned-fp,D00620023_u_r4083p01_bleedmask-binned-fp.fits,620023
ACT/firstcut/Y6N_PRESKY_S/20170212-r4083/D00620027/p01/binned-fp,D00620027_u_r4083p01_bleedmask-binned-fp.fits,620027
ACT/firstcut/Y6N_PRESKY_S/20170212-r4083/D00620031/p01/binned-fp,D00620031_u_r4083p01_bleedmask-binned-fp.fits,620031
ACT/firstcut/Y6N_PRESKY_S/20170212-r4083/D00620035/p01/binned-fp,D00620035_u_r4083p01_bleedmask-binned-fp.fits,620035
ACT/firstcut/Y6N_PRESKY_S/20170212-r4083/D00620039/p01/binned-fp,D00620039_u_r4083p01_bleedmask-binned-fp.fits,620039
ACT/firstcut/Y6N_PRESKY_S/20170212-r4083/D00620043/p01/binned-fp,D00620043_u_r4083p01_bleedmask-binned-fp.fits,620043
ACT/firstcut/Y6N_PRESKY_S/20170212-r4083/D00620047/p01/binned-fp,D00620047_u_r4083p01_bleedmask-binned-fp.fits,620047
ACT/firstcut/Y6N_PRESKY_S/20170212-r4083/D00620051/p01/binned-fp,D00620051_u_r4083p01_bleedmask-binned-fp.fits,620051
ACT/firstcut/Y6N_PRESKY_S/20170212-r4083/D00620057/p01/binned-fp,D00620057_u_r4083p01_bleedmask-binned-fp.fits,620057
ACT/firstcut/Y6N_PRESKY_S/20170212-r4083/D00620061/p01/binned-fp,D00620061_u_r4083p01_bleedmask-binned-fp.fits,620061
ACT/firstcut/Y6N_PRESKY_S/20170212-r4083/D00620065/p01/binned-fp,D00620065_u_r4083p01_bleedmask-binned-fp.fits,620065
ACT/firstcut/Y6N_PRESKY_S/20170212-r4083/D00620069/p01/binned-fp,D00620069_u_r4083p01_bleedmask-binned-fp.fits,620069
ACT/firstcut/Y6N_PRESKY_S/20170212-r4083/D00620073/p01/binned-fp,D00620073_u_r4083p01_bleedmask-binned-fp.fits,620073
ACT/firstcut/Y6N_PRESKY_S/20170212-r4083/D00620077/p01/binned-fp,D00620077_u_r4083p01_bleedmask-binned-fp.fits,620077
ACT/firstcut/Y6N_PRESKY_S/20170214-r4083/D00620620/p01/binned-fp,D00620620_u_r4083p01_bleedmask-binned-fp.fits,620620
ACT/firstcut/Y6N_PRESKY_S/20170214-r4083/D00620621/p01/binned-fp,D00620621_u_r4083p01_bleedmask-binned-fp.fits,620621
ACT/firstcut/Y6N_PRESKY_S/20170214-r4083/D00620622/p01/binned-fp,D00620622_u_r4083p01_bleedmask-binned-fp.fits,620622
ACT/firstcut/Y6N_PRESKY_S/20170214-r4083/D00620623/p01/binned-fp,D00620623_u_r4083p01_bleedmask-binned-fp.fits,620623
ACT/firstcut/Y6N_PRESKY_S/20170214-r4083/D00620624/p01/binned-fp,D00620624_u_r4083p01_bleedmask-binned-fp.fits,620624
ACT/firstcut/Y6N_PRESKY_S/20170214-r4083/D00620625/p01/binned-fp,D00620625_u_r4083p01_bleedmask-binned-fp.fits,620625
ACT/firstcut/Y6N_PRESKY_S/20170214-r4083/D00620626/p01/binned-fp,D00620626_u_r4083p01_bleedmask-binned-fp.fits,620626
ACT/firstcut/Y6N_PRESKY_S/20170214-r4083/D00620627/p01/binned-fp,D00620627_u_r4083p01_bleedmask-binned-fp.fits,620627
ACT/firstcut/Y6N_PRESKY_S/20170214-r4083/D00620628/p01/binned-fp,D00620628_u_r4083p01_bleedmask-binned-fp.fits,620628
ACT/firstcut/Y6N_PRESKY_S/20170214-r4083/D00620629/p01/binned-fp,D00620629_u_r4083p01_bleedmask-binned-fp.fits,620629
ACT/firstcut/Y6N_PRESKY_S/20170214-r4083/D00620630/p01/binned-fp,D00620630_u_r4083p01_bleedmask-binned-fp.fits,620630
ACT/firstcut/Y6N_PRESKY_S/20170214-r4083/D00620631/p01/binned-fp,D00620631_u_r4083p01_bleedmask-binned-fp.fits,620631
ACT/firstcut/Y6N_PRESKY_S/20170214-r4083/D00620632/p01/binned-fp,D00620632_u_r4083p01_bleedmask-binned-fp.fits,620632
ACT/firstcut/Y6N_PRESKY_S/20170214-r4083/D00620633/p01/binned-fp,D00620633_u_r4083p01_bleedmask-binned-fp.fits,620633
ACT/firstcut/Y6N_PRESKY_S/20170214-r4083/D00620634/p01/binned-fp,D00620634_u_r4083p01_bleedmask-binned-fp.fits,620634
ACT/firstcut/Y6N_PRESKY_S/20170214-r4083/D00620635/p01/binned-fp,D00620635_u_r4083p01_bleedmask-binned-fp.fits,620635
ACT/firstcut/Y6N_PRESKY_S/20170214-r4083/D00620636/p01/binned-fp,D00620636_u_r4083p01_bleedmask-binned-fp.fits,620636
ACT/firstcut/Y6N_PRESKY_S/20170214-r4083/D00620637/p01/binned-fp,D00620637_u_r4083p01_bleedmask-binned-fp.fits,620637
ACT/firstcut/Y6N_PRESKY_S/20170214-r4083/D00620638/p01/binned-fp,D00620638_u_r4083p01_bleedmask-binned-fp.fits,620638
ACT/firstcut/Y6N_PRESKY_S/20170214-r4083/D00620639/p01/binned-fp,D00620639_u_r4083p01_bleedmask-binned-fp.fits,620639
ACT/firstcut/Y6N_PRESKY_S/20170214-r4083/D00620640/p01/binned-fp,D00620640_u_r4083p01_bleedmask-binned-fp.fits,620640
ACT/firstcut/Y6N_PRESKY_S/20170214-r4083/D00620641/p01/binned-fp,D00620641_u_r4083p01_bleedmask-binned-fp.fits,620641
ACT/firstcut/Y6N_PRESKY_S/20170214-r4083/D00620642/p01/binned-fp,D00620642_u_r4083p01_bleedmask-binned-fp.fits,620642
ACT/firstcut/Y6N_PRESKY_S/20170214-r4083/D00620643/p01/binned-fp,D00620643_u_r4083p01_bleedmask-binned-fp.fits,620643
ACT/firstcut/Y6N_PRESKY_S/20170214-r4083/D00620644/p01/binned-fp,D00620644_u_r4083p01_bleedmask-binned-fp.fits,620644
ACT/firstcut/Y6N_PRESKY_S/20170214-r4083/D00620645/p01/binned-fp,D00620645_u_r4083p01_bleedmask-binned-fp.fits,620645
ACT/firstcut/Y6N_PRESKY_S/20170214-r4083/D00620646/p01/binned-fp,D00620646_u_r4083p01_bleedmask-binned-fp.fits,620646
ACT/firstcut/Y6N_PRESKY_S/20170214-r4083/D00620647/p01/binned-fp,D00620647_u_r4083p01_bleedmask-binned-fp.fits,620647
ACT/firstcut/Y6N_PRESKY_S/20170214-r4083/D00620648/p01/binned-fp,D00620648_u_r4083p01_bleedmask-binned-fp.fits,620648
ACT/firstcut/Y6N_PRESKY_S/20170214-r4083/D00620649/p01/binned-fp,D00620649_u_r4083p01_bleedmask-binned-fp.fits,620649
ACT/firstcut/Y6N_PRESKY_S/20170214-r4083/D00620650/p01/binned-fp,D00620650_u_r4083p01_bleedmask-binned-fp.fits,620650
ACT/firstcut/Y6N_PRESKY_S/20170218-r4083/D00622356/p01/binned-fp,D00622356_u_r4083p01_bleedmask-binned-fp.fits,622356
ACT/firstcut/Y6N_PRESKY_S/20170308-r4083/D00627569/p01/binned-fp,D00627569_u_r4083p01_bleedmask-binned-fp.fits,627569
ACT/firstcut/Y6N_PRESKY_S/20170308-r4083/D00627574/p01/binned-fp,D00627574_u_r4083p01_bleedmask-binned-fp.fits,627574
ACT/firstcut/Y6N_PRESKY_S/20170308-r4083/D00627579/p01/binned-fp,D00627579_u_r4083p01_bleedmask-binned-fp.fits,627579
ACT/firstcut/Y6N_PRESKY_S/20170308-r4083/D00627584/p01/binned-fp,D00627584_u_r4083p01_bleedmask-binned-fp.fits,627584
ACT/firstcut/Y6N_PRESKY_S/20170308-r4083/D00627589/p01/binned-fp,D00627589_u_r4083p01_bleedmask-binned-fp.fits,627589
ACT/firstcut/Y6N_PRESKY_S/20170308-r4083/D00627594/p01/binned-fp,D00627594_u_r4083p01_bleedmask-binned-fp.fits,627594
ACT/firstcut/Y6N_PRESKY_S/20170308-r4083/D00627599/p01/binned-fp,D00627599_u_r4083p01_bleedmask-binned-fp.fits,627599
ACT/firstcut/Y6N_PRESKY_S/20170308-r4083/D00627604/p01/binned-fp,D00627604_u_r4083p01_bleedmask-binned-fp.fits,627604
ACT/firstcut/Y6N_PRESKY_S/20170308-r4083/D00627619/p01/binned-fp,D00627619_u_r4083p01_bleedmask-binned-fp.fits,627619
ACT/firstcut/Y6N_PRESKY_S/20170308-r4083/D00627624/p01/binned-fp,D00627624_u_r4083p01_bleedmask-binned-fp.fits,627624
ACT/firstcut/Y6N_PRESKY_S/20170308-r4083/D00627629/p01/binned-fp,D00627629_u_r4083p01_bleedmask-binned-fp.fits,627629
ACT/firstcut/Y6N_PRESKY_S/20170308-r4083/D00627634/p01/binned-fp,D00627634_u_r4083p01_bleedmask-binned-fp.fits,627634
ACT/firstcut/Y6N_PRESKY_S/20170308-r4083/D00627649/p01/binned-fp,D00627649_u_r4083p01_bleedmask-binned-fp.fits,627649
ACT/firstcut/Y6N_PRESKY_S/20170308-r4083/D00627654/p01/binned-fp,D00627654_u_r4083p01_bleedmask-binned-fp.fits,627654
ACT/firstcut/Y6N_PRESKY_S/20170308-r4083/D00627679/p01/binned-fp,D00627679_u_r4083p01_bleedmask-binned-fp.fits,627679
ACT/firstcut/Y6N_PRESKY_S/20170308-r4083/D00627684/p01/binned-fp,D00627684_u_r4083p01_bleedmask-binned-fp.fits,627684
ACT/firstcut/Y6N_PRESKY_S/20170308-r4083/D00627689/p01/binned-fp,D00627689_u_r4083p01_bleedmask-binned-fp.fits,627689
ACT/firstcut/Y6N_PRESKY_S/20170308-r4083/D00627699/p01/binned-fp,D00627699_u_r4083p01_bleedmask-binned-fp.fits,627699
ACT/firstcut/Y6N_PRESKY_S/20170308-r4083/D00627714/p01/binned-fp,D00627714_u_r4083p01_bleedmask-binned-fp.fits,627714
ACT/firstcut/Y6N_PRESKY_S/20170308-r4083/D00627719/p01/binned-fp,D00627719_u_r4083p01_bleedmask-binned-fp.fits,627719
ACT/firstcut/Y6N_PRESKY_S/20170308-r4083/D00627724/p01/binned-fp,D00627724_u_r4083p01_bleedmask-binned-fp.fits,627724
ACT/firstcut/Y6N_PRESKY_S/20170308-r4083/D00627729/p01/binned-fp,D00627729_u_r4083p01_bleedmask-binned-fp.fits,627729
ACT/firstcut/Y6N_PRESKY_S/20170319-r4083/D00632235/p01/binned-fp,D00632235_u_r4083p01_bleedmask-binned-fp.fits,632235
ACT/firstcut/Y6N_PRESKY_S/20170319-r4083/D00632245/p01/binned-fp,D00632245_u_r4083p01_bleedmask-binned-fp.fits,632245
ACT/firstcut/Y6N_PRESKY_S/20170319-r4083/D00632309/p01/binned-fp,D00632309_u_r4083p01_bleedmask-binned-fp.fits,632309
ACT/firstcut/Y6N_PRESKY_S/20170319-r4083/D00632315/p01/binned-fp,D00632315_u_r4083p01_bleedmask-binned-fp.fits,632315
ACT/firstcut/Y6N_PRESKY_S/20170319-r4083/D00632318/p01/binned-fp,D00632318_u_r4083p01_bleedmask-binned-fp.fits,632318
ACT/firstcut/Y6N_PRESKY_S/20170319-r4083/D00632321/p01/binned-fp,D00632321_u_r4083p01_bleedmask-binned-fp.fits,632321
ACT/firstcut/Y6N_PRESKY_S/20170319-r4083/D00632324/p01/binned-fp,D00632324_u_r4083p01_bleedmask-binned-fp.fits,632324
ACT/firstcut/Y6N_PRESKY_S/20170319-r4083/D00632327/p01/binned-fp,D00632327_u_r4083p01_bleedmask-binned-fp.fits,632327
ACT/firstcut/Y6N_PRESKY_S/20170319-r4083/D00632343/p01/binned-fp,D00632343_u_r4083p01_bleedmask-binned-fp.fits,632343
ACT/firstcut/Y6N_PRESKY_S/20170320-r4083/D00632506/p01/binned-fp,D00632506_u_r4083p01_bleedmask-binned-fp.fits,632506
ACT/firstcut/Y6N_PRESKY_S/20170320-r4083/D00632513/p01/binned-fp,D00632513_u_r4083p01_bleedmask-binned-fp.fits,632513
ACT/firstcut/Y6N_PRESKY_S/20170320-r4083/D00632572/p01/binned-fp,D00632572_u_r4083p01_bleedmask-binned-fp.fits,632572
ACT/firstcut/Y6N_PRESKY_S/20170320-r4083/D00632575/p01/binned-fp,D00632575_u_r4083p01_bleedmask-binned-fp.fits,632575
ACT/firstcut/Y6N_PRESKY_S/20170320-r4083/D00632578/p01/binned-fp,D00632578_u_r4083p01_bleedmask-binned-fp.fits,632578
ACT/firstcut/Y6N_PRESKY_S/20170320-r4083/D00632581/p01/binned-fp,D00632581_u_r4083p01_bleedmask-binned-fp.fits,632581
ACT/firstcut/Y6N_PRESKY_S/20170320-r4083/D00632584/p01/binned-fp,D00632584_u_r4083p01_bleedmask-binned-fp.fits,632584
ACT/firstcut/Y6N_PRESKY_S/20170320-r4083/D00632587/p01/binned-fp,D00632587_u_r4083p01_bleedmask-binned-fp.fits,632587
ACT/firstcut/Y6N_PRESKY_S/20170320-r4083/D00632589/p01/binned-fp,D00632589_u_r4083p01_bleedmask-binned-fp.fits,632589
ACT/firstcut/Y6N_PRESKY_S/20170320-r4083/D00632592/p01/binned-fp,D00632592_u_r4083p01_bleedmask-binned-fp.fits,632592
ACT/firstcut/Y6N_PRESKY_S/20170320-r4083/D00632595/p01/binned-fp,D00632595_u_r4083p01_bleedmask-binned-fp.fits,632595
ACT/firstcut/Y6N_PRESKY_S/20170320-r4083/D00632697/p01/binned-fp,D00632697_u_r4083p01_bleedmask-binned-fp.fits,632697
ACT/firstcut/Y6N_PRESKY_S/20170321-r4083/D00632827/p01/binned-fp,D00632827_u_r4083p01_bleedmask-binned-fp.fits,632827
ACT/firstcut/Y6N_PRESKY_S/20170321-r4083/D00632878/p01/binned-fp,D00632878_u_r4083p01_bleedmask-binned-fp.fits,632878
ACT/firstcut/Y6N_PRESKY_S/20170321-r4083/D00632881/p01/binned-fp,D00632881_u_r4083p01_bleedmask-binned-fp.fits,632881
ACT/firstcut/Y6N_PRESKY_S/20170321-r4083/D00632884/p01/binned-fp,D00632884_u_r4083p01_bleedmask-binned-fp.fits,632884
ACT/firstcut/Y6N_PRESKY_S/20170321-r4083/D00632887/p01/binned-fp,D00632887_u_r4083p01_bleedmask-binned-fp.fits,632887
ACT/firstcut/Y6N_PRESKY_S/20170321-r4083/D00632890/p01/binned-fp,D00632890_u_r4083p01_bleedmask-binned-fp.fits,632890
ACT/firstcut/Y6N_PRESKY_S/20170321-r4083/D00632893/p01/binned-fp,D00632893_u_r4083p01_bleedmask-binned-fp.fits,632893
ACT/firstcut/Y6N_PRESKY_S/20170321-r4083/D00632896/p01/binned-fp,D00632896_u_r4083p01_bleedmask-binned-fp.fits,632896
ACT/firstcut/Y6N_PRESKY_S/20170321-r4083/D00632899/p01/binned-fp,D00632899_u_r4083p01_bleedmask-binned-fp.fits,632899
ACT/firstcut/Y6N_PRESKY_S/20170321-r4083/D00632905/p01/binned-fp,D00632905_u_r4083p01_bleedmask-binned-fp.fits,632905
ACT/firstcut/Y6N_PRESKY_S/20170321-r4083/D00632908/p01/binned-fp,D00632908_u_r4083p01_bleedmask-binned-fp.fits,632908
ACT/firstcut/Y6N_PRESKY_S/20170321-r4083/D00632911/p01/binned-fp,D00632911_u_r4083p01_bleedmask-binned-fp.fits,632911
ACT/firstcut/Y6N_PRESKY_S/20170321-r4083/D00632914/p01/binned-fp,D00632914_u_r4083p01_bleedmask-binned-fp.fits,632914
ACT/firstcut/Y6N_PRESKY_S/20170321-r4083/D00632917/p01/binned-fp,D00632917_u_r4083p01_bleedmask-binned-fp.fits,632917
ACT/firstcut/Y6N_PRESKY_S/20170321-r4083/D00632923/p01/binned-fp,D00632923_u_r4083p01_bleedmask-binned-fp.fits,632923
ACT/firstcut/Y6N_PRESKY_S/20170321-r4083/D00632926/p01/binned-fp,D00632926_u_r4083p01_bleedmask-binned-fp.fits,632926
ACT/firstcut/Y6N_PRESKY_S/20170321-r4083/D00632929/p01/binned-fp,D00632929_u_r4083p01_bleedmask-binned-fp.fits,632929
ACT/firstcut/Y6N_PRESKY_S/20170321-r4083/D00632935/p01/binned-fp,D00632935_u_r4083p01_bleedmask-binned-fp.fits,632935
ACT/firstcut/Y6N_PRESKY_S/20170321-r4083/D00633012/p01/binned-fp,D00633012_u_r4083p01_bleedmask-binned-fp.fits,633012
ACT/firstcut/Y6N_PRESKY_S/20170401-r4083/D00636268/p01/binned-fp,D00636268_u_r4083p01_bleedmask-binned-fp.fits,636268
ACT/firstcut/Y6N_PRESKY_S/20170401-r4083/D00636275/p01/binned-fp,D00636275_u_r4083p01_bleedmask-binned-fp.fits,636275
ACT/firstcut/Y6N_PRESKY_S/20170401-r4083/D00636276/p01/binned-fp,D00636276_u_r4083p01_bleedmask-binned-fp.fits,636276
ACT/firstcut/Y6N_PRESKY_S/20170401-r4083/D00636277/p01/binned-fp,D00636277_u_r4083p01_bleedmask-binned-fp.fits,636277
ACT/firstcut/Y6N_PRESKY_S/20170401-r4083/D00636278/p01/binned-fp,D00636278_u_r4083p01_bleedmask-binned-fp.fits,636278
ACT/firstcut/Y6N_PRESKY_S/20170401-r4083/D00636283/p01/binned-fp,D00636283_u_r4083p01_bleedmask-binned-fp.fits,636283
ACT/firstcut/Y6N_PRESKY_S/20170401-r4083/D00636284/p01/binned-fp,D00636284_u_r4083p01_bleedmask-binned-fp.fits,636284
ACT/firstcut/Y6N_PRESKY_S/20170401-r4083/D00636285/p01/binned-fp,D00636285_u_r4083p01_bleedmask-binned-fp.fits,636285
ACT/firstcut/Y6N_PRESKY_S/20170401-r4083/D00636286/p01/binned-fp,D00636286_u_r4083p01_bleedmask-binned-fp.fits,636286
ACT/firstcut/Y6N_PRESKY_S/20170401-r4083/D00636303/p01/binned-fp,D00636303_u_r4083p01_bleedmask-binned-fp.fits,636303
ACT/firstcut/Y6N_PRESKY_S/20170401-r4083/D00636304/p01/binned-fp,D00636304_u_r4083p01_bleedmask-binned-fp.fits,636304
ACT/firstcut/Y6N_PRESKY_S/20170401-r4083/D00636305/p01/binned-fp,D00636305_u_r4083p01_bleedmask-binned-fp.fits,636305
ACT/firstcut/Y6N_PRESKY_S/20170401-r4083/D00636307/p01/binned-fp,D00636307_u_r4083p01_bleedmask-binned-fp.fits,636307
ACT/firstcut/Y6N_PRESKY_S/20170401-r4083/D00636308/p01/binned-fp,D00636308_u_r4083p01_bleedmask-binned-fp.fits,636308
ACT/firstcut/Y6N_PRESKY_S/20170401-r4083/D00636309/p01/binned-fp,D00636309_u_r4083p01_bleedmask-binned-fp.fits,636309
ACT/firstcut/Y6N_PRESKY_S/20170401-r4083/D00636310/p01/binned-fp,D00636310_u_r4083p01_bleedmask-binned-fp.fits,636310
ACT/firstcut/Y6N_PRESKY_S/20170401-r4083/D00636311/p01/binned-fp,D00636311_u_r4083p01_bleedmask-binned-fp.fits,636311
ACT/firstcut/Y6N_PRESKY_S/20170401-r4083/D00636313/p01/binned-fp,D00636313_u_r4083p01_bleedmask-binned-fp.fits,636313
ACT/firstcut/Y6N_PRESKY_S/20170401-r4083/D00636314/p01/binned-fp,D00636314_u_r4083p01_bleedmask-binned-fp.fits,636314
ACT/firstcut/Y6N_PRESKY_S/20170403-r4083/D00637031/p01/binned-fp,D00637031_u_r4083p01_bleedmask-binned-fp.fits,637031
ACT/firstcut/Y6N_PRESKY_S/20170403-r4083/D00637032/p01/binned-fp,D00637032_u_r4083p01_bleedmask-binned-fp.fits,637032
ACT/firstcut/Y6N_PRESKY_S/20170403-r4083/D00637033/p01/binned-fp,D00637033_u_r4083p01_bleedmask-binned-fp.fits,637033
ACT/firstcut/Y6N_PRESKY_S/20170403-r4083/D00637034/p01/binned-fp,D00637034_u_r4083p01_bleedmask-binned-fp.fits,637034
ACT/firstcut/Y6N_PRESKY_S/20170403-r4083/D00637036/p01/binned-fp,D00637036_u_r4083p01_bleedmask-binned-fp.fits,637036
ACT/firstcut/Y6N_PRESKY_S/20170403-r4083/D00637038/p01/binned-fp,D00637038_u_r4083p01_bleedmask-binned-fp.fits,637038
ACT/firstcut/Y6N_PRESKY_S/20170429-r4083/D00645172/p01/binned-fp,D00645172_u_r4083p01_bleedmask-binned-fp.fits,645172
ACT/firstcut/Y6N_PRESKY_S/20170429-r4083/D00645173/p01/binned-fp,D00645173_u_r4083p01_bleedmask-binned-fp.fits,645173
ACT/firstcut/Y6N_PRESKY_S/20170429-r4083/D00645174/p01/binned-fp,D00645174_u_r4083p01_bleedmask-binned-fp.fits,645174
ACT/firstcut/Y6N_PRESKY_S/20170429-r4083/D00645175/p01/binned-fp,D00645175_u_r4083p01_bleedmask-binned-fp.fits,645175
ACT/firstcut/Y6N_PRESKY_S/20170429-r4083/D00645176/p01/binned-fp,D00645176_u_r4083p01_bleedmask-binned-fp.fits,645176
ACT/firstcut/Y6N_PRESKY_S/20170429-r4083/D00645177/p01/binned-fp,D00645177_u_r4083p01_bleedmask-binned-fp.fits,645177
ACT/firstcut/Y6N_PRESKY_S/20170429-r4083/D00645178/p01/binned-fp,D00645178_u_r4083p01_bleedmask-binned-fp.fits,645178
ACT/firstcut/Y6N_PRESKY_S/20170429-r4083/D00645179/p01/binned-fp,D00645179_u_r4083p01_bleedmask-binned-fp.fits,645179
ACT/firstcut/Y6N_PRESKY_S/20170429-r4083/D00645196/p01/binned-fp,D00645196_u_r4083p01_bleedmask-binned-fp.fits,645196
ACT/firstcut/Y6N_PRESKY_S/20170429-r4083/D00645197/p01/binned-fp,D00645197_u_r4083p01_bleedmask-binned-fp.fits,645197
ACT/firstcut/Y6N_PRESKY_S/20170429-r4083/D00645198/p01/binned-fp,D00645198_u_r4083p01_bleedmask-binned-fp.fits,645198
ACT/firstcut/Y6N_PRESKY_S/20170429-r4083/D00645199/p01/binned-fp,D00645199_u_r4083p01_bleedmask-binned-fp.fits,645199
ACT/firstcut/Y6N_PRESKY_S/20170429-r4083/D00645200/p01/binned-fp,D00645200_u_r4083p01_bleedmask-binned-fp.fits,645200
ACT/firstcut/Y6N_PRESKY_S/20170429-r4083/D00645201/p01/binned-fp,D00645201_u_r4083p01_bleedmask-binned-fp.fits,645201
ACT/firstcut/Y6N_PRESKY_S/20170429-r4083/D00645202/p01/binned-fp,D00645202_u_r4083p01_bleedmask-binned-fp.fits,645202
ACT/firstcut/Y6N_PRESKY_S/20170429-r4083/D00645203/p01/binned-fp,D00645203_u_r4083p01_bleedmask-binned-fp.fits,645203
ACT/firstcut/Y6N_PRESKY_S/20170429-r4083/D00645212/p01/binned-fp,D00645212_u_r4083p01_bleedmask-binned-fp.fits,645212
ACT/firstcut/Y6N_PRESKY_S/20170429-r4083/D00645213/p01/binned-fp,D00645213_u_r4083p01_bleedmask-binned-fp.fits,645213
ACT/firstcut/Y6N_PRESKY_S/20170629-r4083/D00657143/p01/binned-fp,D00657143_u_r4083p01_bleedmask-binned-fp.fits,657143
ACT/firstcut/Y6N_PRESKY_S/20170629-r4083/D00657144/p01/binned-fp,D00657144_u_r4083p01_bleedmask-binned-fp.fits,657144
ACT/firstcut/Y6N_PRESKY_S/20170629-r4083/D00657145/p01/binned-fp,D00657145_u_r4083p01_bleedmask-binned-fp.fits,657145
ACT/firstcut/Y6N_PRESKY_S/20170629-r4083/D00657148/p01/binned-fp,D00657148_u_r4083p01_bleedmask-binned-fp.fits,657148
ACT/firstcut/Y6N_PRESKY_S/20170629-r4083/D00657149/p01/binned-fp,D00657149_u_r4083p01_bleedmask-binned-fp.fits,657149
ACT/firstcut/Y6N_PRESKY_S/20170629-r4083/D00657162/p01/binned-fp,D00657162_u_r4083p01_bleedmask-binned-fp.fits,657162
ACT/firstcut/Y6N_PRESKY_S/20170629-r4083/D00657165/p01/binned-fp,D00657165_u_r4083p01_bleedmask-binned-fp.fits,657165
ACT/firstcut/Y6N_PRESKY_S/20170629-r4083/D00657170/p01/binned-fp,D00657170_u_r4083p01_bleedmask-binned-fp.fits,657170
ACT/firstcut/Y6N_PRESKY_S/20170629-r4083/D00657171/p01/binned-fp,D00657171_u_r4083p01_bleedmask-binned-fp.fits,657171
ACT/firstcut/Y6N_PRESKY_S/20170630-r4083/D00657551/p01/binned-fp,D00657551_u_r4083p01_bleedmask-binned-fp.fits,657551
ACT/firstcut/Y6N_PRESKY_S/20170630-r4083/D00657552/p01/binned-fp,D00657552_u_r4083p01_bleedmask-binned-fp.fits,657552
ACT/firstcut/Y6N_PRESKY_S/20170630-r4083/D00657553/p01/binned-fp,D00657553_u_r4083p01_bleedmask-binned-fp.fits,657553
ACT/firstcut/Y6N_PRESKY_S/20170630-r4083/D00657554/p01/binned-fp,D00657554_u_r4083p01_bleedmask-binned-fp.fits,657554
ACT/firstcut/Y6N_PRESKY_S/20170630-r4083/D00657555/p01/binned-fp,D00657555_u_r4083p01_bleedmask-binned-fp.fits,657555
ACT/firstcut/Y6N_PRESKY_S/20170630-r4083/D00657556/p01/binned-fp,D00657556_u_r4083p01_bleedmask-binned-fp.fits,657556
ACT/firstcut/Y6N_PRESKY_S/20170630-r4083/D00657557/p01/binned-fp,D00657557_u_r4083p01_bleedmask-binned-fp.fits,657557
ACT/firstcut/Y6N_PRESKY_S/20170630-r4083/D00657558/p01/binned-fp,D00657558_u_r4083p01_bleedmask-binned-fp.fits,657558
ACT/firstcut/Y6N_PRESKY_S/20170630-r4083/D00657559/p01/binned-fp,D00657559_u_r4083p01_bleedmask-binned-fp.fits,657559
ACT/firstcut/Y6N_PRESKY_S/20170630-r4083/D00657560/p01/binned-fp,D00657560_u_r4083p01_bleedmask-binned-fp.fits,657560
ACT/firstcut/Y6N_PRESKY_S/20170630-r4083/D00657582/p01/binned-fp,D00657582_u_r4083p01_bleedmask-binned-fp.fits,657582
ACT/firstcut/Y6N_PRESKY_S/20170630-r4083/D00657589/p01/binned-fp,D00657589_u_r4083p01_bleedmask-binned-fp.fits,657589
ACT/firstcut/Y6N_PRESKY_S/20170630-r4083/D00657590/p01/binned-fp,D00657590_u_r4083p01_bleedmask-binned-fp.fits,657590
ACT/firstcut/Y6N_PRESKY_S/20170630-r4083/D00657591/p01/binned-fp,D00657591_u_r4083p01_bleedmask-binned-fp.fits,657591
ACT/firstcut/Y6N_PRESKY_S/20170814-r4083/D00666973/p01/binned-fp,D00666973_u_r4083p01_bleedmask-binned-fp.fits,666973
ACT/firstcut/Y6N_PRESKY_S/20170814-r4083/D00666974/p01/binned-fp,D00666974_u_r4083p01_bleedmask-binned-fp.fits,666974
ACT/firstcut/Y6N_PRESKY_S/20170814-r4083/D00666975/p01/binned-fp,D00666975_u_r4083p01_bleedmask-binned-fp.fits,666975
ACT/firstcut/Y6N_PRESKY_S/20170814-r4083/D00666976/p01/binned-fp,D00666976_u_r4083p01_bleedmask-binned-fp.fits,666976
ACT/firstcut/Y6N_PRESKY_S/20170814-r4083/D00666977/p01/binned-fp,D00666977_u_r4083p01_bleedmask-binned-fp.fits,666977
ACT/firstcut/Y6N_PRESKY_S/20170814-r4083/D00666978/p01/binned-fp,D00666978_u_r4083p01_bleedmask-binned-fp.fits,666978
ACT/firstcut/Y6N_PRESKY_S/20170814-r4083/D00666979/p01/binned-fp,D00666979_u_r4083p01_bleedmask-binned-fp.fits,666979
ACT/firstcut/Y6N_PRESKY_S/20170814-r4083/D00666980/p01/binned-fp,D00666980_u_r4083p01_bleedmask-binned-fp.fits,666980
ACT/firstcut/Y6N_PRESKY_S/20170814-r4083/D00666981/p01/binned-fp,D00666981_u_r4083p01_bleedmask-binned-fp.fits,666981
ACT/firstcut/Y6N_PRESKY_S/20170814-r4083/D00666982/p01/binned-fp,D00666982_u_r4083p01_bleedmask-binned-fp.fits,666982
ACT/firstcut/Y6N_PRESKY_S/20170814-r4083/D00666983/p01/binned-fp,D00666983_u_r4083p01_bleedmask-binned-fp.fits,666983
ACT/firstcut/Y6N_PRESKY_S/20170814-r4083/D00666984/p01/binned-fp,D00666984_u_r4083p01_bleedmask-binned-fp.fits,666984
ACT/firstcut/Y6N_PRESKY_S/20170814-r4083/D00666985/p01/binned-fp,D00666985_u_r4083p01_bleedmask-binned-fp.fits,666985
ACT/firstcut/Y6N_PRESKY_S/20170814-r4083/D00666986/p01/binned-fp,D00666986_u_r4083p01_bleedmask-binned-fp.fits,666986
ACT/firstcut/Y6N_PRESKY_S/20170814-r4083/D00666987/p01/binned-fp,D00666987_u_r4083p01_bleedmask-binned-fp.fits,666987
ACT/firstcut/Y6N_PRESKY_S/20170814-r4083/D00666988/p01/binned-fp,D00666988_u_r4083p01_bleedmask-binned-fp.fits,666988
ACT/firstcut/Y6N_PRESKY_S/20170814-r4083/D00666989/p01/binned-fp,D00666989_u_r4083p01_bleedmask-binned-fp.fits,666989
ACT/firstcut/Y6N_PRESKY_S/20170814-r4083/D00666990/p01/binned-fp,D00666990_u_r4083p01_bleedmask-binned-fp.fits,666990
ACT/firstcut/Y6N_PRESKY_S/20170814-r4083/D00666991/p01/binned-fp,D00666991_u_r4083p01_bleedmask-binned-fp.fits,666991
ACT/firstcut/Y6N_PRESKY_S/20170814-r4083/D00666992/p01/binned-fp,D00666992_u_r4083p01_bleedmask-binned-fp.fits,666992
ACT/firstcut/Y6N_PRESKY_S/20170814-r4083/D00666993/p01/binned-fp,D00666993_u_r4083p01_bleedmask-binned-fp.fits,666993
ACT/firstcut/Y6N_PRESKY_S/20170814-r4083/D00666994/p01/binned-fp,D00666994_u_r4083p01_bleedmask-binned-fp.fits,666994
ACT/firstcut/Y6N_PRESKY_S/20170818-r4083/D00668964/p01/binned-fp,D00668964_u_r4083p01_bleedmask-binned-fp.fits,668964
ACT/firstcut/Y6N_PRESKY_S/20170818-r4083/D00668970/p01/binned-fp,D00668970_u_r4083p01_bleedmask-binned-fp.fits,668970
ACT/firstcut/Y6N_PRESKY_S/20170906-r4083/D00675096/p01/binned-fp,D00675096_u_r4083p01_bleedmask-binned-fp.fits,675096
ACT/firstcut/Y6N_PRESKY_S/20170906-r4083/D00675097/p01/binned-fp,D00675097_u_r4083p01_bleedmask-binned-fp.fits,675097
ACT/firstcut/Y6N_PRESKY_S/20170906-r4083/D00675098/p01/binned-fp,D00675098_u_r4083p01_bleedmask-binned-fp.fits,675098
ACT/firstcut/Y6N_PRESKY_S/20170906-r4083/D00675099/p01/binned-fp,D00675099_u_r4083p01_bleedmask-binned-fp.fits,675099
ACT/firstcut/Y6N_PRESKY_S/20170906-r4083/D00675100/p01/binned-fp,D00675100_u_r4083p01_bleedmask-binned-fp.fits,675100
ACT/firstcut/Y6N_PRESKY_S/20170906-r4083/D00675101/p01/binned-fp,D00675101_u_r4083p01_bleedmask-binned-fp.fits,675101
ACT/firstcut/Y6N_PRESKY_S/20170906-r4083/D00675102/p01/binned-fp,D00675102_u_r4083p01_bleedmask-binned-fp.fits,675102
ACT/firstcut/Y6N_PRESKY_S/20170906-r4083/D00675103/p01/binned-fp,D00675103_u_r4083p01_bleedmask-binned-fp.fits,675103
ACT/firstcut/Y6N_PRESKY_S/20170906-r4083/D00675104/p01/binned-fp,D00675104_u_r4083p01_bleedmask-binned-fp.fits,675104
ACT/firstcut/Y6N_PRESKY_S/20170906-r4083/D00675105/p01/binned-fp,D00675105_u_r4083p01_bleedmask-binned-fp.fits,675105
ACT/firstcut/Y6N_PRESKY_S/20170906-r4083/D00675106/p01/binned-fp,D00675106_u_r4083p01_bleedmask-binned-fp.fits,675106
ACT/firstcut/Y6N_PRESKY_S/20170906-r4083/D00675107/p01/binned-fp,D00675107_u_r4083p01_bleedmask-binned-fp.fits,675107
ACT/firstcut/Y6N_PRESKY_S/20170906-r4083/D00675108/p01/binned-fp,D00675108_u_r4083p01_bleedmask-binned-fp.fits,675108
ACT/firstcut/Y6N_PRESKY_S/20170906-r4083/D00675109/p01/binned-fp,D00675109_u_r4083p01_bleedmask-binned-fp.fits,675109
ACT/firstcut/Y6N_PRESKY_S/20170906-r4083/D00675110/p01/binned-fp,D00675110_u_r4083p01_bleedmask-binned-fp.fits,675110
ACT/firstcut/Y6N_PRESKY_S/20170906-r4083/D00675111/p01/binned-fp,D00675111_u_r4083p01_bleedmask-binned-fp.fits,675111
ACT/firstcut/Y6N_PRESKY_S/20170906-r4083/D00675112/p01/binned-fp,D00675112_u_r4083p01_bleedmask-binned-fp.fits,675112
ACT/firstcut/Y6N_PRESKY_S/20170906-r4083/D00675113/p01/binned-fp,D00675113_u_r4083p01_bleedmask-binned-fp.fits,675113
ACT/firstcut/Y6N_PRESKY_S/20170906-r4083/D00675114/p01/binned-fp,D00675114_u_r4083p01_bleedmask-binned-fp.fits,675114
ACT/firstcut/Y6N_PRESKY_S/20170906-r4083/D00675115/p01/binned-fp,D00675115_u_r4083p01_bleedmask-binned-fp.fits,675115
ACT/firstcut/Y6N_PRESKY_S/20170906-r4083/D00675116/p01/binned-fp,D00675116_u_r4083p01_bleedmask-binned-fp.fits,675116
ACT/firstcut/Y6N_PRESKY_S/20170906-r4083/D00675117/p01/binned-fp,D00675117_u_r4083p01_bleedmask-binned-fp.fits,675117
ACT/firstcut/Y6N_PRESKY_S/20171016-r4083/D00687984/p01/binned-fp,D00687984_u_r4083p01_bleedmask-binned-fp.fits,687984
ACT/firstcut/Y6N_PRESKY_S/20171031-r4083/D00693205/p01/binned-fp,D00693205_u_r4083p01_bleedmask-binned-fp.fits,693205
ACT/firstcut/Y6N_PRESKY_S/20171128-r4083/D00701111/p01/binned-fp,D00701111_u_r4083p01_bleedmask-binned-fp.fits,701111
ACT/firstcut/Y6N_PRESKY_S/20171129-r4083/D00701492/p01/binned-fp,D00701492_u_r4083p01_bleedmask-binned-fp.fits,701492
ACT/firstcut/Y6N_PRESKY_S/20171129-r4083/D00701493/p01/binned-fp,D00701493_u_r4083p01_bleedmask-binned-fp.fits,701493
ACT/firstcut/Y6N_PRESKY_S/20171129-r4083/D00701494/p01/binned-fp,D00701494_u_r4083p01_bleedmask-binned-fp.fits,701494
ACT/firstcut/Y6N_PRESKY_S/20171129-r4083/D00701495/p01/binned-fp,D00701495_u_r4083p01_bleedmask-binned-fp.fits,701495
ACT/firstcut/Y6N_PRESKY_S/20171129-r4083/D00701496/p01/binned-fp,D00701496_u_r4083p01_bleedmask-binned-fp.fits,701496
ACT/firstcut/Y6N_PRESKY_S/20171129-r4083/D00701497/p01/binned-fp,D00701497_u_r4083p01_bleedmask-binned-fp.fits,701497
ACT/firstcut/Y6N_PRESKY_S/20171129-r4083/D00701498/p01/binned-fp,D00701498_u_r4083p01_bleedmask-binned-fp.fits,701498
ACT/firstcut/Y6N_PRESKY_S/20171129-r4083/D00701499/p01/binned-fp,D00701499_u_r4083p01_bleedmask-binned-fp.fits,701499
ACT/firstcut/Y6N_PRESKY_S/20171129-r4083/D00701500/p01/binned-fp,D00701500_u_r4083p01_bleedmask-binned-fp.fits,701500
ACT/firstcut/Y6N_PRESKY_S/20171129-r4083/D00701501/p01/binned-fp,D00701501_u_r4083p01_bleedmask-binned-fp.fits,701501
ACT/firstcut/Y6N_PRESKY_S/20171129-r4083/D00701502/p01/binned-fp,D00701502_u_r4083p01_bleedmask-binned-fp.fits,701502
ACT/firstcut/Y6N_PRESKY_S/20171129-r4083/D00701503/p01/binned-fp,D00701503_u_r4083p01_bleedmask-binned-fp.fits,701503
ACT/firstcut/Y6N_PRESKY_S/20171129-r4083/D00701504/p01/binned-fp,D00701504_u_r4083p01_bleedmask-binned-fp.fits,701504
ACT/firstcut/Y6N_PRESKY_S/20171129-r4083/D00701505/p01/binned-fp,D00701505_u_r4083p01_bleedmask-binned-fp.fits,701505
ACT/firstcut/Y6N_PRESKY_S/20171129-r4083/D00701506/p01/binned-fp,D00701506_u_r4083p01_bleedmask-binned-fp.fits,701506
ACT/firstcut/Y6N_PRESKY_S/20171129-r4083/D00701507/p01/binned-fp,D00701507_u_r4083p01_bleedmask-binned-fp.fits,701507
ACT/firstcut/Y6N_PRESKY_S/20171129-r4083/D00701508/p01/binned-fp,D00701508_u_r4083p01_bleedmask-binned-fp.fits,701508
ACT/firstcut/Y6N_PRESKY_S/20171129-r4083/D00701509/p01/binned-fp,D00701509_u_r4083p01_bleedmask-binned-fp.fits,701509
ACT/firstcut/Y6N_PRESKY_S/20171129-r4083/D00701510/p01/binned-fp,D00701510_u_r4083p01_bleedmask-binned-fp.fits,701510
ACT/firstcut/Y6N_PRESKY_S/20171129-r4083/D00701511/p01/binned-fp,D00701511_u_r4083p01_bleedmask-binned-fp.fits,701511
ACT/firstcut/Y6N_PRESKY_S/20171129-r4083/D00701512/p01/binned-fp,D00701512_u_r4083p01_bleedmask-binned-fp.fits,701512
ACT/firstcut/Y6N_PRESKY_S/20171129-r4083/D00701513/p01/binned-fp,D00701513_u_r4083p01_bleedmask-binned-fp.fits,701513
ACT/firstcut/Y6N_PRESKY_S/20171129-r4083/D00701543/p01/binned-fp,D00701543_u_r4083p01_bleedmask-binned-fp.fits,701543
ACT/firstcut/Y6N_PRESKY_S/20171129-r4083/D00701544/p01/binned-fp,D00701544_u_r4083p01_bleedmask-binned-fp.fits,701544
ACT/firstcut/Y6N_PRESKY_S/20171129-r4083/D00701549/p01/binned-fp,D00701549_u_r4083p01_bleedmask-binned-fp.fits,701549
ACT/firstcut/Y6N_PRESKY_S/20171129-r4083/D00701588/p01/binned-fp,D00701588_u_r4083p01_bleedmask-binned-fp.fits,701588
ACT/firstcut/Y6N_PRESKY_S/20171205-r4083/D00702192/p01/binned-fp,D00702192_u_r4083p01_bleedmask-binned-fp.fits,702192
ACT/firstcut/Y6N_PRESKY_S/20171210-r4083/D00703984/p01/binned-fp,D00703984_u_r4083p01_bleedmask-binned-fp.fits,703984
ACT/firstcut/Y6N_PRESKY_S/20171214-r4083/D00705344/p01/binned-fp,D00705344_u_r4083p01_bleedmask-binned-fp.fits,705344
ACT/firstcut/Y6N_PRESKY_S/20180102-r4083/D00708908/p01/binned-fp,D00708908_u_r4083p01_bleedmask-binned-fp.fits,708908
ACT/firstcut/Y6N_PRESKY_S/20180102-r4083/D00708909/p01/binned-fp,D00708909_u_r4083p01_bleedmask-binned-fp.fits,708909
ACT/firstcut/Y6N_PRESKY_S/20180102-r4083/D00708910/p01/binned-fp,D00708910_u_r4083p01_bleedmask-binned-fp.fits,708910
ACT/firstcut/Y6N_PRESKY_S/20180102-r4083/D00708911/p01/binned-fp,D00708911_u_r4083p01_bleedmask-binned-fp.fits,708911
ACT/firstcut/Y6N_PRESKY_S/20180102-r4083/D00708912/p01/binned-fp,D00708912_u_r4083p01_bleedmask-binned-fp.fits,708912
ACT/firstcut/Y6N_PRESKY_S/20180102-r4083/D00708913/p01/binned-fp,D00708913_u_r4083p01_bleedmask-binned-fp.fits,708913
ACT/firstcut/Y6N_PRESKY_S/20180102-r4083/D00708914/p01/binned-fp,D00708914_u_r4083p01_bleedmask-binned-fp.fits,708914
ACT/firstcut/Y6N_PRESKY_S/20180102-r4083/D00708915/p01/binned-fp,D00708915_u_r4083p01_bleedmask-binned-fp.fits,708915
ACT/firstcut/Y6N_PRESKY_S/20180102-r4083/D00708916/p01/binned-fp,D00708916_u_r4083p01_bleedmask-binned-fp.fits,708916
ACT/firstcut/Y6N_PRESKY_S/20180102-r4083/D00708917/p01/binned-fp,D00708917_u_r4083p01_bleedmask-binned-fp.fits,708917
ACT/firstcut/Y6N_PRESKY_S/20180102-r4083/D00708918/p01/binned-fp,D00708918_u_r4083p01_bleedmask-binned-fp.fits,708918
ACT/firstcut/Y6N_PRESKY_S/20180102-r4083/D00708919/p01/binned-fp,D00708919_u_r4083p01_bleedmask-binned-fp.fits,708919
ACT/firstcut/Y6N_PRESKY_S/20180102-r4083/D00708920/p01/binned-fp,D00708920_u_r4083p01_bleedmask-binned-fp.fits,708920
ACT/firstcut/Y6N_PRESKY_S/20180102-r4083/D00708921/p01/binned-fp,D00708921_u_r4083p01_bleedmask-binned-fp.fits,708921
ACT/firstcut/Y6N_PRESKY_S/20180102-r4083/D00708922/p01/binned-fp,D00708922_u_r4083p01_bleedmask-binned-fp.fits,708922
ACT/firstcut/Y6N_PRESKY_S/20180102-r4083/D00708923/p01/binned-fp,D00708923_u_r4083p01_bleedmask-binned-fp.fits,708923
ACT/firstcut/Y6N_PRESKY_S/20180102-r4083/D00708924/p01/binned-fp,D00708924_u_r4083p01_bleedmask-binned-fp.fits,708924
ACT/firstcut/Y6N_PRESKY_S/20180102-r4083/D00708925/p01/binned-fp,D00708925_u_r4083p01_bleedmask-binned-fp.fits,708925
ACT/firstcut/Y6N_PRESKY_S/20180102-r4083/D00708926/p01/binned-fp,D00708926_u_r4083p01_bleedmask-binned-fp.fits,708926
ACT/firstcut/Y6N_PRESKY_S/20180102-r4083/D00708927/p01/binned-fp,D00708927_u_r4083p01_bleedmask-binned-fp.fits,708927
ACT/firstcut/Y6N_PRESKY_S/20180102-r4083/D00708928/p01/binned-fp,D00708928_u_r4083p01_bleedmask-binned-fp.fits,708928
ACT/firstcut/Y6N_PRESKY_S/20180102-r4083/D00708929/p01/binned-fp,D00708929_u_r4083p01_bleedmask-binned-fp.fits,708929
ACT/firstcut/Y6N_PRESKY_S/20180102-r4083/D00708996/p01/binned-fp,D00708996_u_r4083p01_bleedmask-binned-fp.fits,708996
ACT/firstcut/Y6N_PRESKY_S/20180102-r4083/D00708997/p01/binned-fp,D00708997_u_r4083p01_bleedmask-binned-fp.fits,708997
ACT/firstcut/Y6N_PRESKY_S/20180102-r4083/D00708998/p01/binned-fp,D00708998_u_r4083p01_bleedmask-binned-fp.fits,708998
ACT/firstcut/Y6N_PRESKY_S/20180102-r4083/D00708999/p01/binned-fp,D00708999_u_r4083p01_bleedmask-binned-fp.fits,708999
ACT/firstcut/Y6N_PRESKY_S/20180102-r4083/D00709000/p01/binned-fp,D00709000_u_r4083p01_bleedmask-binned-fp.fits,709000
ACT/firstcut/Y6N_PRESKY_S/20180102-r4083/D00709001/p01/binned-fp,D00709001_u_r4083p01_bleedmask-binned-fp.fits,709001
ACT/firstcut/Y6N_PRESKY_S/20180102-r4083/D00709002/p01/binned-fp,D00709002_u_r4083p01_bleedmask-binned-fp.fits,709002
ACT/firstcut/Y6N_PRESKY_S/20180102-r4083/D00709003/p01/binned-fp,D00709003_u_r4083p01_bleedmask-binned-fp.fits,709003
ACT/firstcut/Y6N_PRESKY_S/20180102-r4083/D00709004/p01/binned-fp,D00709004_u_r4083p01_bleedmask-binned-fp.fits,709004
ACT/firstcut/Y6N_PRESKY_S/20180102-r4083/D00709005/p01/binned-fp,D00709005_u_r4083p01_bleedmask-binned-fp.fits,709005
ACT/firstcut/Y6N_PRESKY_S/20180102-r4083/D00709006/p01/binned-fp,D00709006_u_r4083p01_bleedmask-binned-fp.fits,709006
ACT/firstcut/Y6N_PRESKY_S/20180102-r4083/D00709007/p01/binned-fp,D00709007_u_r4083p01_bleedmask-binned-fp.fits,709007
ACT/firstcut/Y6N_PRESKY_S/20180102-r4083/D00709008/p01/binned-fp,D00709008_u_r4083p01_bleedmask-binned-fp.fits,709008
ACT/firstcut/Y6N_PRESKY_S/20180102-r4083/D00709009/p01/binned-fp,D00709009_u_r4083p01_bleedmask-binned-fp.fits,709009
ACT/firstcut/Y6N_PRESKY_S/20180102-r4083/D00709010/p01/binned-fp,D00709010_u_r4083p01_bleedmask-binned-fp.fits,709010
ACT/firstcut/Y6N_PRESKY_S/20180102-r4083/D00709011/p01/binned-fp,D00709011_u_r4083p01_bleedmask-binned-fp.fits,709011
ACT/firstcut/Y6N_PRESKY_S/20180102-r4083/D00709012/p01/binned-fp,D00709012_u_r4083p01_bleedmask-binned-fp.fits,709012
ACT/firstcut/Y6N_PRESKY_S/20180102-r4083/D00709013/p01/binned-fp,D00709013_u_r4083p01_bleedmask-binned-fp.fits,709013
ACT/firstcut/Y6N_PRESKY_S/20180102-r4083/D00709014/p01/binned-fp,D00709014_u_r4083p01_bleedmask-binned-fp.fits,709014
ACT/firstcut/Y6N_PRESKY_S/20180102-r4083/D00709015/p01/binned-fp,D00709015_u_r4083p01_bleedmask-binned-fp.fits,709015
ACT/firstcut/Y6N_PRESKY_S/20180102-r4083/D00709016/p01/binned-fp,D00709016_u_r4083p01_bleedmask-binned-fp.fits,709016
ACT/firstcut/Y6N_PRESKY_S/20180102-r4083/D00709017/p01/binned-fp,D00709017_u_r4083p01_bleedmask-binned-fp.fits,709017
ACT/firstcut/Y6N_PRESKY_S/20180327-r4083/D00732556/p01/binned-fp,D00732556_u_r4083p01_bleedmask-binned-fp.fits,732556
ACT/firstcut/Y6N_PRESKY_S/20180327-r4083/D00732557/p01/binned-fp,D00732557_u_r4083p01_bleedmask-binned-fp.fits,732557
ACT/firstcut/Y6N_PRESKY_S/20180327-r4083/D00732558/p01/binned-fp,D00732558_u_r4083p01_bleedmask-binned-fp.fits,732558
ACT/firstcut/Y6N_PRESKY_S/20180327-r4083/D00732559/p01/binned-fp,D00732559_u_r4083p01_bleedmask-binned-fp.fits,732559
ACT/firstcut/Y6N_PRESKY_S/20180327-r4083/D00732560/p01/binned-fp,D00732560_u_r4083p01_bleedmask-binned-fp.fits,732560
ACT/firstcut/Y6N_PRESKY_S/20180327-r4083/D00732561/p01/binned-fp,D00732561_u_r4083p01_bleedmask-binned-fp.fits,732561
ACT/firstcut/Y6N_PRESKY_S/20180327-r4083/D00732562/p01/binned-fp,D00732562_u_r4083p01_bleedmask-binned-fp.fits,732562
ACT/firstcut/Y6N_PRESKY_S/20180327-r4083/D00732563/p01/binned-fp,D00732563_u_r4083p01_bleedmask-binned-fp.fits,732563
ACT/firstcut/Y6N_PRESKY_S/20180327-r4083/D00732564/p01/binned-fp,D00732564_u_r4083p01_bleedmask-binned-fp.fits,732564
ACT/firstcut/Y6N_PRESKY_S/20180327-r4083/D00732566/p01/binned-fp,D00732566_u_r4083p01_bleedmask-binned-fp.fits,732566
ACT/firstcut/Y6N_PRESKY_S/20180327-r4083/D00732567/p01/binned-fp,D00732567_u_r4083p01_bleedmask-binned-fp.fits,732567
ACT/firstcut/Y6N_PRESKY_S/20180327-r4083/D00732568/p01/binned-fp,D00732568_u_r4083p01_bleedmask-binned-fp.fits,732568
ACT/firstcut/Y6N_PRESKY_S/20180327-r4083/D00732570/p01/binned-fp,D00732570_u_r4083p01_bleedmask-binned-fp.fits,732570
ACT/firstcut/Y6N_PRESKY_S/20180327-r4083/D00732573/p01/binned-fp,D00732573_u_r4083p01_bleedmask-binned-fp.fits,732573
ACT/firstcut/Y6N_PRESKY_S/20180327-r4083/D00732576/p01/binned-fp,D00732576_u_r4083p01_bleedmask-binned-fp.fits,732576
ACT/firstcut/Y6N_PRESKY_S/20180519-r4083/D00748425/p01/binned-fp,D00748425_u_r4083p01_bleedmask-binned-fp.fits,748425
ACT/firstcut/Y6N_PRESKY_S/20180519-r4083/D00748426/p01/binned-fp,D00748426_u_r4083p01_bleedmask-binned-fp.fits,748426
ACT/firstcut/Y6N_PRESKY_S/20180519-r4083/D00748427/p01/binned-fp,D00748427_u_r4083p01_bleedmask-binned-fp.fits,748427
ACT/firstcut/Y6N_PRESKY_S/20180828-r4083/D00766744/p01/binned-fp,D00766744_u_r4083p01_bleedmask-binned-fp.fits,766744
ACT/firstcut/Y6N_PRESKY_S/20180828-r4083/D00766745/p01/binned-fp,D00766745_u_r4083p01_bleedmask-binned-fp.fits,766745
ACT/firstcut/Y6N_PRESKY_S/20180828-r4083/D00766746/p01/binned-fp,D00766746_u_r4083p01_bleedmask-binned-fp.fits,766746
ACT/firstcut/Y6N_PRESKY_S/20180828-r4083/D00766747/p01/binned-fp,D00766747_u_r4083p01_bleedmask-binned-fp.fits,766747
ACT/firstcut/Y6N_PRESKY_S/20180828-r4083/D00766748/p01/binned-fp,D00766748_u_r4083p01_bleedmask-binned-fp.fits,766748
ACT/firstcut/Y6N_PRESKY_S/20180828-r4083/D00766749/p01/binned-fp,D00766749_u_r4083p01_bleedmask-binned-fp.fits,766749
ACT/firstcut/Y6N_PRESKY_S/20180828-r4083/D00766750/p01/binned-fp,D00766750_u_r4083p01_bleedmask-binned-fp.fits,766750
ACT/firstcut/Y6N_PRESKY_S/20180828-r4083/D00766751/p01/binned-fp,D00766751_u_r4083p01_bleedmask-binned-fp.fits,766751
ACT/firstcut/Y6N_PRESKY_S/20180828-r4083/D00766752/p01/binned-fp,D00766752_u_r4083p01_bleedmask-binned-fp.fits,766752
ACT/firstcut/Y6N_PRESKY_S/20180828-r4083/D00766753/p01/binned-fp,D00766753_u_r4083p01_bleedmask-binned-fp.fits,766753
ACT/firstcut/Y6N_PRESKY_S/20180828-r4083/D00766754/p01/binned-fp,D00766754_u_r4083p01_bleedmask-binned-fp.fits,766754
ACT/firstcut/Y6N_PRESKY_S/20180828-r4083/D00766755/p01/binned-fp,D00766755_u_r4083p01_bleedmask-binned-fp.fits,766755
ACT/firstcut/Y6N_PRESKY_S/20180828-r4083/D00766756/p01/binned-fp,D00766756_u_r4083p01_bleedmask-binned-fp.fits,766756
ACT/firstcut/Y6N_PRESKY_S/20180828-r4083/D00766757/p01/binned-fp,D00766757_u_r4083p01_bleedmask-binned-fp.fits,766757
ACT/firstcut/Y6N_PRESKY_S/20180828-r4083/D00766758/p01/binned-fp,D00766758_u_r4083p01_bleedmask-binned-fp.fits,766758
ACT/firstcut/Y6N_PRESKY_S/20180828-r4083/D00766759/p01/binned-fp,D00766759_u_r4083p01_bleedmask-binned-fp.fits,766759
ACT/firstcut/Y6N_PRESKY_S/20180828-r4083/D00766761/p01/binned-fp,D00766761_u_r4083p01_bleedmask-binned-fp.fits,766761
ACT/firstcut/Y6N_PRESKY_S/20180828-r4083/D00766764/p01/binned-fp,D00766764_u_r4083p01_bleedmask-binned-fp.fits,766764
ACT/firstcut/Y6N_PRESKY_S/20181025-r4083/D00787233/p01/binned-fp,D00787233_u_r4083p01_bleedmask-binned-fp.fits,787233
ACT/firstcut/Y6N_PRESKY_S/20181025-r4083/D00787234/p01/binned-fp,D00787234_u_r4083p01_bleedmask-binned-fp.fits,787234
ACT/firstcut/Y6N_PRESKY_S/20181025-r4083/D00787235/p01/binned-fp,D00787235_u_r4083p01_bleedmask-binned-fp.fits,787235
ACT/firstcut/Y6N_PRESKY_S/20181025-r4083/D00787236/p01/binned-fp,D00787236_u_r4083p01_bleedmask-binned-fp.fits,787236
ACT/firstcut/Y6N_PRESKY_S/20181025-r4083/D00787237/p01/binned-fp,D00787237_u_r4083p01_bleedmask-binned-fp.fits,787237
ACT/firstcut/Y6N_PRESKY_S/20181025-r4083/D00787238/p01/binned-fp,D00787238_u_r4083p01_bleedmask-binned-fp.fits,787238
ACT/firstcut/Y6N_PRESKY_S/20181025-r4083/D00787239/p01/binned-fp,D00787239_u_r4083p01_bleedmask-binned-fp.fits,787239
ACT/firstcut/Y6N_PRESKY_S/20181025-r4083/D00787240/p01/binned-fp,D00787240_u_r4083p01_bleedmask-binned-fp.fits,787240
ACT/firstcut/Y6N_PRESKY_S/20181025-r4083/D00787241/p01/binned-fp,D00787241_u_r4083p01_bleedmask-binned-fp.fits,787241
ACT/firstcut/Y6N_PRESKY_S/20181025-r4083/D00787242/p01/binned-fp,D00787242_u_r4083p01_bleedmask-binned-fp.fits,787242
ACT/firstcut/Y6N_PRESKY_S/20181025-r4083/D00787243/p01/binned-fp,D00787243_u_r4083p01_bleedmask-binned-fp.fits,787243
ACT/firstcut/Y6N_PRESKY_S/20181025-r4083/D00787244/p01/binned-fp,D00787244_u_r4083p01_bleedmask-binned-fp.fits,787244
ACT/firstcut/Y6N_PRESKY_S/20181025-r4083/D00787245/p01/binned-fp,D00787245_u_r4083p01_bleedmask-binned-fp.fits,787245
ACT/firstcut/Y6N_PRESKY_S/20181025-r4083/D00787246/p01/binned-fp,D00787246_u_r4083p01_bleedmask-binned-fp.fits,787246
ACT/firstcut/Y6N_PRESKY_S/20181025-r4083/D00787247/p01/binned-fp,D00787247_u_r4083p01_bleedmask-binned-fp.fits,787247
ACT/firstcut/Y6N_PRESKY_S/20181025-r4083/D00787248/p01/binned-fp,D00787248_u_r4083p01_bleedmask-binned-fp.fits,787248
ACT/firstcut/Y6N_PRESKY_S/20181025-r4083/D00787249/p01/binned-fp,D00787249_u_r4083p01_bleedmask-binned-fp.fits,787249
ACT/firstcut/Y6N_PRESKY_S/20181025-r4083/D00787252/p01/binned-fp,D00787252_u_r4083p01_bleedmask-binned-fp.fits,787252
ACT/firstcut/Y6N_PRESKY_S/20181025-r4083/D00787253/p01/binned-fp,D00787253_u_r4083p01_bleedmask-binned-fp.fits,787253
ACT/firstcut/Y6N_PRESKY_S/20181025-r4083/D00787254/p01/binned-fp,D00787254_u_r4083p01_bleedmask-binned-fp.fits,787254
ACT/firstcut/Y6N_PRESKY_S/20181123-r4083/D00795615/p01/binned-fp,D00795615_u_r4083p01_bleedmask-binned-fp.fits,795615
ACT/firstcut/Y6N_PRESKY_S/20181123-r4083/D00795616/p01/binned-fp,D00795616_u_r4083p01_bleedmask-binned-fp.fits,795616
ACT/firstcut/Y6N_PRESKY_S/20181123-r4083/D00795617/p01/binned-fp,D00795617_u_r4083p01_bleedmask-binned-fp.fits,795617
ACT/firstcut/Y6N_PRESKY_S/20181123-r4083/D00795618/p01/binned-fp,D00795618_u_r4083p01_bleedmask-binned-fp.fits,795618
ACT/firstcut/Y6N_PRESKY_S/20181123-r4083/D00795619/p01/binned-fp,D00795619_u_r4083p01_bleedmask-binned-fp.fits,795619
ACT/firstcut/Y6N_PRESKY_S/20181123-r4083/D00795620/p01/binned-fp,D00795620_u_r4083p01_bleedmask-binned-fp.fits,795620
ACT/firstcut/Y6N_PRESKY_S/20181123-r4083/D00795621/p01/binned-fp,D00795621_u_r4083p01_bleedmask-binned-fp.fits,795621
ACT/firstcut/Y6N_PRESKY_S/20181123-r4083/D00795622/p01/binned-fp,D00795622_u_r4083p01_bleedmask-binned-fp.fits,795622
ACT/firstcut/Y6N_PRESKY_S/20181123-r4083/D00795623/p01/binned-fp,D00795623_u_r4083p01_bleedmask-binned-fp.fits,795623
ACT/firstcut/Y6N_PRESKY_S/20181123-r4083/D00795624/p01/binned-fp,D00795624_u_r4083p01_bleedmask-binned-fp.fits,795624
ACT/firstcut/Y6N_PRESKY_S/20181123-r4083/D00795625/p01/binned-fp,D00795625_u_r4083p01_bleedmask-binned-fp.fits,795625
ACT/firstcut/Y6N_PRESKY_S/20181123-r4083/D00795626/p01/binned-fp,D00795626_u_r4083p01_bleedmask-binned-fp.fits,795626
ACT/firstcut/Y6N_PRESKY_S/20181123-r4083/D00795627/p01/binned-fp,D00795627_u_r4083p01_bleedmask-binned-fp.fits,795627
ACT/firstcut/Y6N_PRESKY_S/20181123-r4083/D00795628/p01/binned-fp,D00795628_u_r4083p01_bleedmask-binned-fp.fits,795628
ACT/firstcut/Y6N_PRESKY_S/20181123-r4083/D00795629/p01/binned-fp,D00795629_u_r4083p01_bleedmask-binned-fp.fits,795629
ACT/firstcut/Y6N_PRESKY_S/20181123-r4083/D00795630/p01/binned-fp,D00795630_u_r4083p01_bleedmask-binned-fp.fits,795630
ACT/firstcut/Y6N_PRESKY_S/20181123-r4083/D00795631/p01/binned-fp,D00795631_u_r4083p01_bleedmask-binned-fp.fits,795631
ACT/firstcut/Y6N_PRESKY_S/20181123-r4083/D00795632/p01/binned-fp,D00795632_u_r4083p01_bleedmask-binned-fp.fits,795632
ACT/firstcut/Y6N_PRESKY_S/20181123-r4083/D00795633/p01/binned-fp,D00795633_u_r4083p01_bleedmask-binned-fp.fits,795633
ACT/firstcut/Y6N_PRESKY_S/20181123-r4083/D00795634/p01/binned-fp,D00795634_u_r4083p01_bleedmask-binned-fp.fits,795634
ACT/firstcut/Y6N_PRESKY_S/20181123-r4083/D00795635/p01/binned-fp,D00795635_u_r4083p01_bleedmask-binned-fp.fits,795635
ACT/firstcut/Y6N_PRESKY_S/20181123-r4083/D00795636/p01/binned-fp,D00795636_u_r4083p01_bleedmask-binned-fp.fits,795636
ACT/firstcut/Y6N_PRESKY_S/20190116-r4083/D00812857/p01/binned-fp,D00812857_u_r4083p01_bleedmask-binned-fp.fits,812857
ACT/firstcut/Y6N_PRESKY_S/20190116-r4083/D00812858/p01/binned-fp,D00812858_u_r4083p01_bleedmask-binned-fp.fits,812858
ACT/firstcut/Y6N_PRESKY_S/20190116-r4083/D00812859/p01/binned-fp,D00812859_u_r4083p01_bleedmask-binned-fp.fits,812859
ACT/firstcut/Y6N_PRESKY_S/20190116-r4083/D00812860/p01/binned-fp,D00812860_u_r4083p01_bleedmask-binned-fp.fits,812860
ACT/firstcut/Y6N_PRESKY_S/20190116-r4083/D00812861/p01/binned-fp,D00812861_u_r4083p01_bleedmask-binned-fp.fits,812861
ACT/firstcut/Y6N_PRESKY_S/20190116-r4083/D00812862/p01/binned-fp,D00812862_u_r4083p01_bleedmask-binned-fp.fits,812862
ACT/firstcut/Y6N_PRESKY_S/20190116-r4083/D00812863/p01/binned-fp,D00812863_u_r4083p01_bleedmask-binned-fp.fits,812863
ACT/firstcut/Y6N_PRESKY_S/20190116-r4083/D00812864/p01/binned-fp,D00812864_u_r4083p01_bleedmask-binned-fp.fits,812864
ACT/firstcut/Y6N_PRESKY_S/20190116-r4083/D00812865/p01/binned-fp,D00812865_u_r4083p01_bleedmask-binned-fp.fits,812865
ACT/firstcut/Y6N_PRESKY_S/20190116-r4083/D00812866/p01/binned-fp,D00812866_u_r4083p01_bleedmask-binned-fp.fits,812866
ACT/firstcut/Y6N_PRESKY_S/20190116-r4083/D00812867/p01/binned-fp,D00812867_u_r4083p01_bleedmask-binned-fp.fits,812867
ACT/firstcut/Y6N_PRESKY_S/20190116-r4083/D00812868/p01/binned-fp,D00812868_u_r4083p01_bleedmask-binned-fp.fits,812868
ACT/firstcut/Y6N_PRESKY_S/20190116-r4083/D00812869/p01/binned-fp,D00812869_u_r4083p01_bleedmask-binned-fp.fits,812869
ACT/firstcut/Y6N_PRESKY_S/20190116-r4083/D00812870/p01/binned-fp,D00812870_u_r4083p01_bleedmask-binned-fp.fits,812870
ACT/firstcut/Y6N_PRESKY_S/20190116-r4083/D00812871/p01/binned-fp,D00812871_u_r4083p01_bleedmask-binned-fp.fits,812871
ACT/firstcut/Y6N_PRESKY_S/20190116-r4083/D00812872/p01/binned-fp,D00812872_u_r4083p01_bleedmask-binned-fp.fits,812872
ACT/firstcut/Y6N_PRESKY_S/20190116-r4083/D00812873/p01/binned-fp,D00812873_u_r4083p01_bleedmask-binned-fp.fits,812873
ACT/firstcut/Y6N_PRESKY_S/20190116-r4083/D00812874/p01/binned-fp,D00812874_u_r4083p01_bleedmask-binned-fp.fits,812874
ACT/firstcut/Y6N_PRESKY_S/20190116-r4083/D00812875/p01/binned-fp,D00812875_u_r4083p01_bleedmask-binned-fp.fits,812875
ACT/firstcut/Y6N_PRESKY_S/20190116-r4083/D00812876/p01/binned-fp,D00812876_u_r4083p01_bleedmask-binned-fp.fits,812876
ACT/firstcut/Y6N_PRESKY_S/20190116-r4083/D00812877/p01/binned-fp,D00812877_u_r4083p01_bleedmask-binned-fp.fits,812877
ACT/firstcut/Y6N_PRESKY_S/20190116-r4083/D00812878/p01/binned-fp,D00812878_u_r4083p01_bleedmask-binned-fp.fits,812878
